slice,x,y,dc60
0,-4.0,-3.0,
0,-3.5789473684210527,-3.0,
0,-3.1578947368421053,-3.0,
0,-2.736842105263158,-3.0,
0,-2.3157894736842106,-3.0,
0,-1.8947368421052633,-3.0,
0,-1.473684210526316,-3.0,
0,-1.0526315789473686,-3.0,
0,-0.6315789473684212,-3.0,
0,-0.2105263157894739,-3.0,
0,0.21052631578947345,-3.0,
0,0.6315789473684212,-3.0,
0,1.0526315789473681,-3.0,
0,1.473684210526315,-3.0,
0,1.8947368421052628,-3.0,
0,2.3157894736842106,-3.0,
0,2.7368421052631575,-3.0,
0,3.1578947368421044,-3.0,
0,3.578947368421052,-3.0,
0,4.0,-3.0,
0,-4.0,-2.7894736842105265,
0,-3.5789473684210527,-2.7894736842105265,
0,-3.1578947368421053,-2.7894736842105265,
0,-2.736842105263158,-2.7894736842105265,
0,-2.3157894736842106,-2.7894736842105265,
0,-1.8947368421052633,-2.7894736842105265,
0,-1.473684210526316,-2.7894736842105265,
0,-1.0526315789473686,-2.7894736842105265,
0,-0.6315789473684212,-2.7894736842105265,
0,-0.2105263157894739,-2.7894736842105265,
0,0.21052631578947345,-2.7894736842105265,
0,0.6315789473684212,-2.7894736842105265,
0,1.0526315789473681,-2.7894736842105265,
0,1.473684210526315,-2.7894736842105265,
0,1.8947368421052628,-2.7894736842105265,
0,2.3157894736842106,-2.7894736842105265,
0,2.7368421052631575,-2.7894736842105265,
0,3.1578947368421044,-2.7894736842105265,
0,3.578947368421052,-2.7894736842105265,
0,4.0,-2.7894736842105265,
0,-4.0,-2.5789473684210527,
0,-3.5789473684210527,-2.5789473684210527,
0,-3.1578947368421053,-2.5789473684210527,
0,-2.736842105263158,-2.5789473684210527,
0,-2.3157894736842106,-2.5789473684210527,
0,-1.8947368421052633,-2.5789473684210527,
0,-1.473684210526316,-2.5789473684210527,
0,-1.0526315789473686,-2.5789473684210527,
0,-0.6315789473684212,-2.5789473684210527,
0,-0.2105263157894739,-2.5789473684210527,
0,0.21052631578947345,-2.5789473684210527,
0,0.6315789473684212,-2.5789473684210527,
0,1.0526315789473681,-2.5789473684210527,
0,1.473684210526315,-2.5789473684210527,
0,1.8947368421052628,-2.5789473684210527,
0,2.3157894736842106,-2.5789473684210527,
0,2.7368421052631575,-2.5789473684210527,
0,3.1578947368421044,-2.5789473684210527,
0,3.578947368421052,-2.5789473684210527,
0,4.0,-2.5789473684210527,
0,-4.0,-2.3684210526315788,
0,-3.5789473684210527,-2.3684210526315788,
0,-3.1578947368421053,-2.3684210526315788,
0,-2.736842105263158,-2.3684210526315788,
0,-2.3157894736842106,-2.3684210526315788,
0,-1.8947368421052633,-2.3684210526315788,
0,-1.473684210526316,-2.3684210526315788,
0,-1.0526315789473686,-2.3684210526315788,
0,-0.6315789473684212,-2.3684210526315788,
0,-0.2105263157894739,-2.3684210526315788,
0,0.21052631578947345,-2.3684210526315788,
0,0.6315789473684212,-2.3684210526315788,
0,1.0526315789473681,-2.3684210526315788,
0,1.473684210526315,-2.3684210526315788,
0,1.8947368421052628,-2.3684210526315788,
0,2.3157894736842106,-2.3684210526315788,
0,2.7368421052631575,-2.3684210526315788,
0,3.1578947368421044,-2.3684210526315788,
0,3.578947368421052,-2.3684210526315788,
0,4.0,-2.3684210526315788,
0,-4.0,-2.1578947368421053,
0,-3.5789473684210527,-2.1578947368421053,
0,-3.1578947368421053,-2.1578947368421053,
0,-2.736842105263158,-2.1578947368421053,
0,-2.3157894736842106,-2.1578947368421053,
0,-1.8947368421052633,-2.1578947368421053,
0,-1.473684210526316,-2.1578947368421053,
0,-1.0526315789473686,-2.1578947368421053,
0,-0.6315789473684212,-2.1578947368421053,
0,-0.2105263157894739,-2.1578947368421053,
0,0.21052631578947345,-2.1578947368421053,
0,0.6315789473684212,-2.1578947368421053,
0,1.0526315789473681,-2.1578947368421053,
0,1.473684210526315,-2.1578947368421053,
0,1.8947368421052628,-2.1578947368421053,
0,2.3157894736842106,-2.1578947368421053,
0,2.7368421052631575,-2.1578947368421053,
0,3.1578947368421044,-2.1578947368421053,
0,3.578947368421052,-2.1578947368421053,
0,4.0,-2.1578947368421053,
0,-4.0,-1.9473684210526316,
0,-3.5789473684210527,-1.9473684210526316,
0,-3.1578947368421053,-1.9473684210526316,
0,-2.736842105263158,-1.9473684210526316,
0,-2.3157894736842106,-1.9473684210526316,
0,-1.8947368421052633,-1.9473684210526316,
0,-1.473684210526316,-1.9473684210526316,
0,-1.0526315789473686,-1.9473684210526316,
0,-0.6315789473684212,-1.9473684210526316,
0,-0.2105263157894739,-1.9473684210526316,
0,0.21052631578947345,-1.9473684210526316,
0,0.6315789473684212,-1.9473684210526316,
0,1.0526315789473681,-1.9473684210526316,
0,1.473684210526315,-1.9473684210526316,
0,1.8947368421052628,-1.9473684210526316,
0,2.3157894736842106,-1.9473684210526316,
0,2.7368421052631575,-1.9473684210526316,
0,3.1578947368421044,-1.9473684210526316,
0,3.578947368421052,-1.9473684210526316,
0,4.0,-1.9473684210526316,
0,-4.0,-1.736842105263158,
0,-3.5789473684210527,-1.736842105263158,
0,-3.1578947368421053,-1.736842105263158,
0,-2.736842105263158,-1.736842105263158,
0,-2.3157894736842106,-1.736842105263158,
0,-1.8947368421052633,-1.736842105263158,
0,-1.473684210526316,-1.736842105263158,
0,-1.0526315789473686,-1.736842105263158,
0,-0.6315789473684212,-1.736842105263158,
0,-0.2105263157894739,-1.736842105263158,
0,0.21052631578947345,-1.736842105263158,
0,0.6315789473684212,-1.736842105263158,
0,1.0526315789473681,-1.736842105263158,
0,1.473684210526315,-1.736842105263158,
0,1.8947368421052628,-1.736842105263158,
0,2.3157894736842106,-1.736842105263158,
0,2.7368421052631575,-1.736842105263158,
0,3.1578947368421044,-1.736842105263158,
0,3.578947368421052,-1.736842105263158,
0,4.0,-1.736842105263158,
0,-4.0,-1.5263157894736843,
0,-3.5789473684210527,-1.5263157894736843,
0,-3.1578947368421053,-1.5263157894736843,
0,-2.736842105263158,-1.5263157894736843,
0,-2.3157894736842106,-1.5263157894736843,
0,-1.8947368421052633,-1.5263157894736843,
0,-1.473684210526316,-1.5263157894736843,
0,-1.0526315789473686,-1.5263157894736843,
0,-0.6315789473684212,-1.5263157894736843,
0,-0.2105263157894739,-1.5263157894736843,
0,0.21052631578947345,-1.5263157894736843,
0,0.6315789473684212,-1.5263157894736843,
0,1.0526315789473681,-1.5263157894736843,
0,1.473684210526315,-1.5263157894736843,
0,1.8947368421052628,-1.5263157894736843,
0,2.3157894736842106,-1.5263157894736843,
0,2.7368421052631575,-1.5263157894736843,
0,3.1578947368421044,-1.5263157894736843,
0,3.578947368421052,-1.5263157894736843,
0,4.0,-1.5263157894736843,
0,-4.0,-1.3157894736842106,
0,-3.5789473684210527,-1.3157894736842106,
0,-3.1578947368421053,-1.3157894736842106,
0,-2.736842105263158,-1.3157894736842106,
0,-2.3157894736842106,-1.3157894736842106,
0,-1.8947368421052633,-1.3157894736842106,
0,-1.473684210526316,-1.3157894736842106,
0,-1.0526315789473686,-1.3157894736842106,
0,-0.6315789473684212,-1.3157894736842106,
0,-0.2105263157894739,-1.3157894736842106,
0,0.21052631578947345,-1.3157894736842106,
0,0.6315789473684212,-1.3157894736842106,
0,1.0526315789473681,-1.3157894736842106,
0,1.473684210526315,-1.3157894736842106,
0,1.8947368421052628,-1.3157894736842106,
0,2.3157894736842106,-1.3157894736842106,
0,2.7368421052631575,-1.3157894736842106,
0,3.1578947368421044,-1.3157894736842106,
0,3.578947368421052,-1.3157894736842106,
0,4.0,-1.3157894736842106,
0,-4.0,-1.105263157894737,
0,-3.5789473684210527,-1.105263157894737,
0,-3.1578947368421053,-1.105263157894737,
0,-2.736842105263158,-1.105263157894737,
0,-2.3157894736842106,-1.105263157894737,
0,-1.8947368421052633,-1.105263157894737,
0,-1.473684210526316,-1.105263157894737,
0,-1.0526315789473686,-1.105263157894737,
0,-0.6315789473684212,-1.105263157894737,
0,-0.2105263157894739,-1.105263157894737,
0,0.21052631578947345,-1.105263157894737,
0,0.6315789473684212,-1.105263157894737,
0,1.0526315789473681,-1.105263157894737,
0,1.473684210526315,-1.105263157894737,
0,1.8947368421052628,-1.105263157894737,
0,2.3157894736842106,-1.105263157894737,
0,2.7368421052631575,-1.105263157894737,
0,3.1578947368421044,-1.105263157894737,
0,3.578947368421052,-1.105263157894737,
0,4.0,-1.105263157894737,
0,-4.0,-0.8947368421052633,
0,-3.5789473684210527,-0.8947368421052633,
0,-3.1578947368421053,-0.8947368421052633,
0,-2.736842105263158,-0.8947368421052633,
0,-2.3157894736842106,-0.8947368421052633,
0,-1.8947368421052633,-0.8947368421052633,
0,-1.473684210526316,-0.8947368421052633,
0,-1.0526315789473686,-0.8947368421052633,
0,-0.6315789473684212,-0.8947368421052633,
0,-0.2105263157894739,-0.8947368421052633,
0,0.21052631578947345,-0.8947368421052633,
0,0.6315789473684212,-0.8947368421052633,
0,1.0526315789473681,-0.8947368421052633,
0,1.473684210526315,-0.8947368421052633,
0,1.8947368421052628,-0.8947368421052633,
0,2.3157894736842106,-0.8947368421052633,
0,2.7368421052631575,-0.8947368421052633,
0,3.1578947368421044,-0.8947368421052633,
0,3.578947368421052,-0.8947368421052633,
0,4.0,-0.8947368421052633,
0,-4.0,-0.6842105263157894,
0,-3.5789473684210527,-0.6842105263157894,
0,-3.1578947368421053,-0.6842105263157894,
0,-2.736842105263158,-0.6842105263157894,
0,-2.3157894736842106,-0.6842105263157894,
0,-1.8947368421052633,-0.6842105263157894,
0,-1.473684210526316,-0.6842105263157894,
0,-1.0526315789473686,-0.6842105263157894,
0,-0.6315789473684212,-0.6842105263157894,
0,-0.2105263157894739,-0.6842105263157894,
0,0.21052631578947345,-0.6842105263157894,
0,0.6315789473684212,-0.6842105263157894,
0,1.0526315789473681,-0.6842105263157894,
0,1.473684210526315,-0.6842105263157894,
0,1.8947368421052628,-0.6842105263157894,
0,2.3157894736842106,-0.6842105263157894,
0,2.7368421052631575,-0.6842105263157894,
0,3.1578947368421044,-0.6842105263157894,
0,3.578947368421052,-0.6842105263157894,
0,4.0,-0.6842105263157894,
0,-4.0,-0.47368421052631593,
0,-3.5789473684210527,-0.47368421052631593,
0,-3.1578947368421053,-0.47368421052631593,
0,-2.736842105263158,-0.47368421052631593,
0,-2.3157894736842106,-0.47368421052631593,
0,-1.8947368421052633,-0.47368421052631593,
0,-1.473684210526316,-0.47368421052631593,
0,-1.0526315789473686,-0.47368421052631593,
0,-0.6315789473684212,-0.47368421052631593,
0,-0.2105263157894739,-0.47368421052631593,
0,0.21052631578947345,-0.47368421052631593,
0,0.6315789473684212,-0.47368421052631593,
0,1.0526315789473681,-0.47368421052631593,
0,1.473684210526315,-0.47368421052631593,
0,1.8947368421052628,-0.47368421052631593,
0,2.3157894736842106,-0.47368421052631593,
0,2.7368421052631575,-0.47368421052631593,
0,3.1578947368421044,-0.47368421052631593,
0,3.578947368421052,-0.47368421052631593,
0,4.0,-0.47368421052631593,
0,-4.0,-0.2631578947368425,
0,-3.5789473684210527,-0.2631578947368425,
0,-3.1578947368421053,-0.2631578947368425,
0,-2.736842105263158,-0.2631578947368425,
0,-2.3157894736842106,-0.2631578947368425,
0,-1.8947368421052633,-0.2631578947368425,
0,-1.473684210526316,-0.2631578947368425,
0,-1.0526315789473686,-0.2631578947368425,
0,-0.6315789473684212,-0.2631578947368425,
0,-0.2105263157894739,-0.2631578947368425,
0,0.21052631578947345,-0.2631578947368425,
0,0.6315789473684212,-0.2631578947368425,
0,1.0526315789473681,-0.2631578947368425,0.06109799150429464
0,1.473684210526315,-0.2631578947368425,0.15070134941129404
0,1.8947368421052628,-0.2631578947368425,
0,2.3157894736842106,-0.2631578947368425,
0,2.7368421052631575,-0.2631578947368425,
0,3.1578947368421044,-0.2631578947368425,
0,3.578947368421052,-0.2631578947368425,
0,4.0,-0.2631578947368425,
0,-4.0,-0.052631578947368585,
0,-3.5789473684210527,-0.052631578947368585,
0,-3.1578947368421053,-0.052631578947368585,
0,-2.736842105263158,-0.052631578947368585,
0,-2.3157894736842106,-0.052631578947368585,
0,-1.8947368421052633,-0.052631578947368585,
0,-1.473684210526316,-0.052631578947368585,
0,-1.0526315789473686,-0.052631578947368585,
0,-0.6315789473684212,-0.052631578947368585,
0,-0.2105263157894739,-0.052631578947368585,
0,0.21052631578947345,-0.052631578947368585,
0,0.6315789473684212,-0.052631578947368585,
0,1.0526315789473681,-0.052631578947368585,0.5017905240125438
0,1.473684210526315,-0.052631578947368585,0.18123325392012243
0,1.8947368421052628,-0.052631578947368585,
0,2.3157894736842106,-0.052631578947368585,
0,2.7368421052631575,-0.052631578947368585,
0,3.1578947368421044,-0.052631578947368585,
0,3.578947368421052,-0.052631578947368585,
0,4.0,-0.052631578947368585,
0,-4.0,0.1578947368421053,
0,-3.5789473684210527,0.1578947368421053,
0,-3.1578947368421053,0.1578947368421053,
0,-2.736842105263158,0.1578947368421053,
0,-2.3157894736842106,0.1578947368421053,
0,-1.8947368421052633,0.1578947368421053,
0,-1.473684210526316,0.1578947368421053,
0,-1.0526315789473686,0.1578947368421053,
0,-0.6315789473684212,0.1578947368421053,
0,-0.2105263157894739,0.1578947368421053,
0,0.21052631578947345,0.1578947368421053,
0,0.6315789473684212,0.1578947368421053,
0,1.0526315789473681,0.1578947368421053,0.7029480999869814
0,1.473684210526315,0.1578947368421053,0.44038553050649365
0,1.8947368421052628,0.1578947368421053,
0,2.3157894736842106,0.1578947368421053,
0,2.7368421052631575,0.1578947368421053,
0,3.1578947368421044,0.1578947368421053,
0,3.578947368421052,0.1578947368421053,
0,4.0,0.1578947368421053,
0,-4.0,0.36842105263157876,
0,-3.5789473684210527,0.36842105263157876,
0,-3.1578947368421053,0.36842105263157876,
0,-2.736842105263158,0.36842105263157876,
0,-2.3157894736842106,0.36842105263157876,
0,-1.8947368421052633,0.36842105263157876,
0,-1.473684210526316,0.36842105263157876,
0,-1.0526315789473686,0.36842105263157876,
0,-0.6315789473684212,0.36842105263157876,
0,-0.2105263157894739,0.36842105263157876,
0,0.21052631578947345,0.36842105263157876,
0,0.6315789473684212,0.36842105263157876,
0,1.0526315789473681,0.36842105263157876,0.1308739332975293
0,1.473684210526315,0.36842105263157876,0.2960365181663059
0,1.8947368421052628,0.36842105263157876,
0,2.3157894736842106,0.36842105263157876,
0,2.7368421052631575,0.36842105263157876,
0,3.1578947368421044,0.36842105263157876,
0,3.578947368421052,0.36842105263157876,
0,4.0,0.36842105263157876,
0,-4.0,0.5789473684210522,
0,-3.5789473684210527,0.5789473684210522,
0,-3.1578947368421053,0.5789473684210522,
0,-2.736842105263158,0.5789473684210522,
0,-2.3157894736842106,0.5789473684210522,
0,-1.8947368421052633,0.5789473684210522,
0,-1.473684210526316,0.5789473684210522,
0,-1.0526315789473686,0.5789473684210522,
0,-0.6315789473684212,0.5789473684210522,
0,-0.2105263157894739,0.5789473684210522,
0,0.21052631578947345,0.5789473684210522,
0,0.6315789473684212,0.5789473684210522,
0,1.0526315789473681,0.5789473684210522,0.20029857539999854
0,1.473684210526315,0.5789473684210522,0.6443803839759394
0,1.8947368421052628,0.5789473684210522,
0,2.3157894736842106,0.5789473684210522,
0,2.7368421052631575,0.5789473684210522,
0,3.1578947368421044,0.5789473684210522,
0,3.578947368421052,0.5789473684210522,
0,4.0,0.5789473684210522,
0,-4.0,0.7894736842105261,
0,-3.5789473684210527,0.7894736842105261,
0,-3.1578947368421053,0.7894736842105261,
0,-2.736842105263158,0.7894736842105261,
0,-2.3157894736842106,0.7894736842105261,
0,-1.8947368421052633,0.7894736842105261,
0,-1.473684210526316,0.7894736842105261,
0,-1.0526315789473686,0.7894736842105261,
0,-0.6315789473684212,0.7894736842105261,
0,-0.2105263157894739,0.7894736842105261,
0,0.21052631578947345,0.7894736842105261,
0,0.6315789473684212,0.7894736842105261,
0,1.0526315789473681,0.7894736842105261,0.1151299739311338
0,1.473684210526315,0.7894736842105261,0.1401121343652624
0,1.8947368421052628,0.7894736842105261,
0,2.3157894736842106,0.7894736842105261,
0,2.7368421052631575,0.7894736842105261,
0,3.1578947368421044,0.7894736842105261,
0,3.578947368421052,0.7894736842105261,
0,4.0,0.7894736842105261,
0,-4.0,1.0,
0,-3.5789473684210527,1.0,
0,-3.1578947368421053,1.0,
0,-2.736842105263158,1.0,
0,-2.3157894736842106,1.0,
0,-1.8947368421052633,1.0,
0,-1.473684210526316,1.0,
0,-1.0526315789473686,1.0,
0,-0.6315789473684212,1.0,
0,-0.2105263157894739,1.0,
0,0.21052631578947345,1.0,
0,0.6315789473684212,1.0,
0,1.0526315789473681,1.0,0.07254639271944208
0,1.473684210526315,1.0,0.0891707488159738
0,1.8947368421052628,1.0,
0,2.3157894736842106,1.0,
0,2.7368421052631575,1.0,
0,3.1578947368421044,1.0,
0,3.578947368421052,1.0,
0,4.0,1.0,
